Date,Close
9/16/2014,457.334
9/17/2014,424.44
9/18/2014,394.796
9/19/2014,408.904
9/20/2014,398.821
9/21/2014,402.152
9/22/2014,435.791
9/23/2014,423.205
9/24/2014,411.574
9/25/2014,404.425
9/26/2014,399.52
9/27/2014,377.181
9/28/2014,375.467
9/29/2014,386.944
9/30/2014,383.615
10/1/2014,375.072
10/2/2014,359.512
10/3/2014,328.866
10/4/2014,320.51
10/5/2014,330.079
10/6/2014,336.187
10/7/2014,352.94
10/8/2014,365.026
10/9/2014,361.562
10/10/2014,362.299
10/11/2014,378.549
10/12/2014,390.414
10/13/2014,400.87
10/14/2014,394.773
10/15/2014,382.556
10/16/2014,383.758
10/17/2014,391.442
10/18/2014,389.546
10/19/2014,382.845
10/20/2014,386.475
10/21/2014,383.158
10/22/2014,358.417
10/23/2014,358.345
10/24/2014,347.271
10/25/2014,354.704
10/26/2014,352.989
10/27/2014,357.618
10/28/2014,335.591
10/29/2014,345.305
10/30/2014,338.321
10/31/2014,325.749
11/1/2014,325.892
11/2/2014,327.554
11/3/2014,330.492
11/4/2014,339.486
11/5/2014,349.29
11/6/2014,342.415
11/7/2014,345.488
11/8/2014,363.264
11/9/2014,366.924
11/10/2014,367.695
11/11/2014,423.561
11/12/2014,420.735
11/13/2014,397.818
11/14/2014,376.133
11/15/2014,387.882
11/16/2014,387.408
11/17/2014,375.198
11/18/2014,380.555
11/19/2014,357.84
11/20/2014,350.848
11/21/2014,352.92
11/22/2014,367.573
11/23/2014,376.901
11/24/2014,375.348
11/25/2014,368.37
11/26/2014,369.67
11/27/2014,376.447
11/28/2014,375.491
11/29/2014,378.047
11/30/2014,379.245
12/1/2014,381.315
12/2/2014,375.01
12/3/2014,369.604
12/4/2014,376.854
12/5/2014,374.785
12/6/2014,375.095
12/7/2014,361.909
12/8/2014,352.219
12/9/2014,346.365
12/10/2014,350.506
12/11/2014,352.542
12/12/2014,347.376
12/13/2014,351.632
12/14/2014,345.345
12/15/2014,327.062
12/16/2014,319.776
12/17/2014,311.396
12/18/2014,317.843
12/19/2014,329.956
12/20/2014,320.843
12/21/2014,331.886
12/22/2014,334.572
12/23/2014,322.534
12/24/2014,319.008
12/25/2014,327.924
12/26/2014,315.863
12/27/2014,317.239
12/28/2014,312.67
12/29/2014,310.737
12/30/2014,320.193
12/31/2014,314.249
1/1/2015,315.032
1/2/2015,281.082
1/3/2015,264.195
1/4/2015,274.474
1/5/2015,286.189
1/6/2015,294.337
1/7/2015,283.349
1/8/2015,290.408
1/9/2015,274.796
1/10/2015,265.66
1/11/2015,267.796
1/12/2015,225.861
1/13/2015,178.103
1/14/2015,209.844
1/15/2015,208.097
1/16/2015,199.26
1/17/2015,210.339
1/18/2015,214.861
1/19/2015,211.315
1/20/2015,226.897
1/21/2015,233.406
1/22/2015,232.879
1/23/2015,247.847
1/24/2015,253.718
1/25/2015,273.473
1/26/2015,263.475
1/27/2015,233.915
1/28/2015,233.513
1/29/2015,226.425
1/30/2015,217.464
1/31/2015,226.972
2/1/2015,238.229
2/2/2015,227.268
2/3/2015,226.853
2/4/2015,217.111
2/5/2015,222.266
2/6/2015,227.754
2/7/2015,223.412
2/8/2015,220.11
2/9/2015,219.839
2/10/2015,219.185
2/11/2015,221.764
2/12/2015,235.427
2/13/2015,257.321
2/14/2015,234.825
2/15/2015,233.843
2/16/2015,243.61
2/17/2015,236.326
2/18/2015,240.283
2/19/2015,243.779
2/20/2015,244.534
2/21/2015,235.977
2/22/2015,238.892
2/23/2015,238.735
2/24/2015,237.47
2/25/2015,236.426
2/26/2015,253.828
2/27/2015,254.263
2/28/2015,260.202
3/1/2015,275.67
3/2/2015,281.702
3/3/2015,273.092
3/4/2015,276.178
3/5/2015,272.723
3/6/2015,276.261
3/7/2015,274.354
3/8/2015,289.607
3/9/2015,291.76
3/10/2015,296.379
3/11/2015,294.354
3/12/2015,285.337
3/13/2015,281.885
3/14/2015,286.393
3/15/2015,290.593
3/16/2015,285.505
3/17/2015,256.299
3/18/2015,260.928
3/19/2015,261.749
3/20/2015,260.025
3/21/2015,267.96
3/22/2015,266.74
3/23/2015,245.595
3/24/2015,246.197
3/25/2015,248.532
3/26/2015,247.029
3/27/2015,252.798
3/28/2015,242.713
3/29/2015,247.526
3/30/2015,244.224
3/31/2015,247.272
4/1/2015,253.005
4/2/2015,254.322
4/3/2015,253.697
4/4/2015,260.598
4/5/2015,255.492
4/6/2015,253.18
4/7/2015,245.022
4/8/2015,243.676
4/9/2015,236.072
4/10/2015,236.552
4/11/2015,236.153
4/12/2015,224.587
4/13/2015,219.159
4/14/2015,223.833
4/15/2015,228.573
4/16/2015,222.882
4/17/2015,223.356
4/18/2015,222.6
4/19/2015,224.626
4/20/2015,235.269
4/21/2015,234.176
4/22/2015,236.462
4/23/2015,231.268
4/24/2015,226.39
4/25/2015,219.43
4/26/2015,229.286
4/27/2015,225.855
4/28/2015,225.808
4/29/2015,236.145
4/30/2015,232.079
5/1/2015,234.93
5/2/2015,240.358
5/3/2015,239.018
5/4/2015,236.121
5/5/2015,229.782
5/6/2015,237.334
5/7/2015,243.863
5/8/2015,241.832
5/9/2015,240.296
5/10/2015,242.158
5/11/2015,241.112
5/12/2015,236.377
5/13/2015,236.929
5/14/2015,237.605
5/15/2015,236.153
5/16/2015,236.802
5/17/2015,233.128
5/18/2015,231.947
5/19/2015,234.018
5/20/2015,235.344
5/21/2015,240.348
5/22/2015,238.872
5/23/2015,240.953
5/24/2015,237.11
5/25/2015,237.116
5/26/2015,237.283
5/27/2015,237.408
5/28/2015,237.096
5/29/2015,233.345
5/30/2015,230.19
5/31/2015,222.926
6/1/2015,225.803
6/2/2015,225.874
6/3/2015,224.324
6/4/2015,224.952
6/5/2015,225.619
6/6/2015,222.881
6/7/2015,228.489
6/8/2015,229.048
6/9/2015,228.803
6/10/2015,229.705
6/11/2015,229.982
6/12/2015,232.402
6/13/2015,233.543
6/14/2015,236.823
6/15/2015,250.895
6/16/2015,249.284
6/17/2015,249.007
6/18/2015,244.606
6/19/2015,245.212
6/20/2015,243.944
6/21/2015,246.99
6/22/2015,244.296
6/23/2015,240.515
6/24/2015,242.799
6/25/2015,243.594
6/26/2015,250.99
6/27/2015,249.011
6/28/2015,257.064
6/29/2015,263.072
6/30/2015,258.621
7/1/2015,255.412
7/2/2015,256.336
7/3/2015,260.886
7/4/2015,271.913
7/5/2015,269.03
7/6/2015,266.207
7/7/2015,270.785
7/8/2015,269.228
7/9/2015,284.894
7/10/2015,293.115
7/11/2015,310.867
7/12/2015,292.054
7/13/2015,287.464
7/14/2015,285.829
7/15/2015,278.089
7/16/2015,279.472
7/17/2015,274.901
7/18/2015,273.614
7/19/2015,278.981
7/20/2015,275.833
7/21/2015,277.222
7/22/2015,276.049
7/23/2015,288.278
7/24/2015,288.697
7/25/2015,292.686
7/26/2015,293.624
7/27/2015,294.427
7/28/2015,289.59
7/29/2015,287.722
7/30/2015,284.65
7/31/2015,281.601
8/1/2015,282.614
8/2/2015,281.227
8/3/2015,285.218
8/4/2015,281.882
8/5/2015,278.577
8/6/2015,279.585
8/7/2015,260.997
8/8/2015,265.083
8/9/2015,264.47
8/10/2015,270.386
8/11/2015,266.376
8/12/2015,264.08
8/13/2015,265.68
8/14/2015,261.551
8/15/2015,258.507
8/16/2015,257.976
8/17/2015,211.079
8/18/2015,226.684
8/19/2015,235.35
8/20/2015,232.569
8/21/2015,230.39
8/22/2015,228.169
8/23/2015,210.495
8/24/2015,221.609
8/25/2015,225.831
8/26/2015,224.769
8/27/2015,231.396
8/28/2015,229.78
8/29/2015,228.761
8/30/2015,230.056
8/31/2015,228.121
9/1/2015,229.284
9/2/2015,227.183
9/3/2015,230.298
9/4/2015,235.019
9/5/2015,239.84
9/6/2015,239.847
9/7/2015,243.607
9/8/2015,238.168
9/9/2015,238.477
9/10/2015,240.107
9/11/2015,235.229
9/12/2015,230.512
9/13/2015,230.644
9/14/2015,230.304
9/15/2015,229.091
9/16/2015,229.81
9/17/2015,232.975
9/18/2015,231.493
9/19/2015,231.212
9/20/2015,227.085
9/21/2015,230.618
9/22/2015,230.283
9/23/2015,234.529
9/24/2015,235.144
9/25/2015,234.34
9/26/2015,232.757
9/27/2015,239.142
9/28/2015,236.687
9/29/2015,236.06
9/30/2015,237.549
10/1/2015,237.293
10/2/2015,238.73
10/3/2015,238.259
10/4/2015,240.383
10/5/2015,246.063
10/6/2015,242.969
10/7/2015,242.304
10/8/2015,243.931
10/9/2015,244.941
10/10/2015,247.05
10/11/2015,245.308
10/12/2015,249.508
10/13/2015,251.989
10/14/2015,254.32
10/15/2015,262.869
10/16/2015,270.64
10/17/2015,261.643
10/18/2015,263.437
10/19/2015,269.463
10/20/2015,266.272
10/21/2015,274.023
10/22/2015,276.496
10/23/2015,281.654
10/24/2015,283.68
10/25/2015,285.3
10/26/2015,293.788
10/27/2015,304.618
10/28/2015,313.855
10/29/2015,328.015
10/30/2015,314.166
10/31/2015,325.431
11/1/2015,361.189
11/2/2015,403.417
11/3/2015,411.563
11/4/2015,386.354
11/5/2015,374.47
11/6/2015,386.482
11/7/2015,373.368
11/8/2015,380.257
11/9/2015,336.819
11/10/2015,311.084
11/11/2015,338.152
11/12/2015,336.753
11/13/2015,332.906
11/14/2015,320.166
11/15/2015,330.751
11/16/2015,335.094
11/17/2015,334.59
11/18/2015,326.149
11/19/2015,322.022
11/20/2015,326.927
11/21/2015,324.536
11/22/2015,323.046
11/23/2015,320.046
11/24/2015,328.206
11/25/2015,352.684
11/26/2015,358.042
11/27/2015,357.381
11/28/2015,371.294
11/29/2015,377.321
11/30/2015,362.488
12/1/2015,359.187
12/2/2015,361.046
12/3/2015,363.183
12/4/2015,388.949
12/5/2015,388.783
12/6/2015,395.536
12/7/2015,415.563
12/8/2015,417.563
12/9/2015,415.479
12/10/2015,451.938
12/11/2015,434.997
12/12/2015,433.755
12/13/2015,444.182
12/14/2015,465.321
12/15/2015,454.934
12/16/2015,456.078
12/17/2015,463.616
12/18/2015,462.322
12/19/2015,442.685
12/20/2015,438.639
12/21/2015,436.572
12/22/2015,442.401
12/23/2015,454.985
12/24/2015,455.653
12/25/2015,417.274
12/26/2015,422.823
12/27/2015,422.279
12/28/2015,432.983
12/29/2015,426.62
12/30/2015,430.567
12/31/2015,434.334
1/1/2016,433.438
1/2/2016,430.011
1/3/2016,433.091
1/4/2016,431.96
1/5/2016,429.105
1/6/2016,458.048
1/7/2016,453.23
1/8/2016,447.611
1/9/2016,447.991
1/10/2016,448.428
1/11/2016,435.69
1/12/2016,432.371
1/13/2016,430.306
1/14/2016,364.331
1/15/2016,387.536
1/16/2016,382.299
1/17/2016,387.168
1/18/2016,380.149
1/19/2016,420.23
1/20/2016,410.262
1/21/2016,382.492
1/22/2016,387.491
1/23/2016,402.971
1/24/2016,391.726
1/25/2016,392.153
1/26/2016,394.972
1/27/2016,380.289
1/28/2016,379.474
1/29/2016,378.255
1/30/2016,368.767
1/31/2016,373.056
2/1/2016,374.448
2/2/2016,369.949
2/3/2016,389.594
2/4/2016,386.549
2/5/2016,376.522
2/6/2016,376.62
2/7/2016,373.447
2/8/2016,376.029
2/9/2016,381.649
2/10/2016,379.654
2/11/2016,384.263
2/12/2016,391.86
2/13/2016,407.23
2/14/2016,400.185
2/15/2016,407.488
2/16/2016,416.322
2/17/2016,422.373
2/18/2016,420.785
2/19/2016,437.164
2/20/2016,438.798
2/21/2016,437.748
2/22/2016,420.736
2/23/2016,424.955
2/24/2016,424.544
2/25/2016,432.152
2/26/2016,432.519
2/27/2016,433.504
2/28/2016,437.697
2/29/2016,435.123
3/1/2016,423.989
3/2/2016,421.651
3/3/2016,410.939
3/4/2016,400.57
3/5/2016,407.707
3/6/2016,414.321
3/7/2016,413.972
3/8/2016,414.86
3/9/2016,417.131
3/10/2016,421.69
3/11/2016,411.624
3/12/2016,414.065
3/13/2016,416.438
3/14/2016,416.83
3/15/2016,417.011
3/16/2016,420.621
3/17/2016,409.548
3/18/2016,410.444
3/19/2016,413.755
3/20/2016,413.307
3/21/2016,418.089
3/22/2016,418.041
3/23/2016,416.394
3/24/2016,417.177
3/25/2016,417.945
3/26/2016,426.765
3/27/2016,424.231
3/28/2016,416.516
3/29/2016,414.816
3/30/2016,416.729
3/31/2016,417.96
4/1/2016,420.873
4/2/2016,420.904
4/3/2016,421.444
4/4/2016,424.03
4/5/2016,423.413
4/6/2016,422.745
4/7/2016,420.349
4/8/2016,419.411
4/9/2016,421.564
4/10/2016,422.483
4/11/2016,425.19
4/12/2016,423.734
4/13/2016,424.282
4/14/2016,429.713
4/15/2016,430.572
4/16/2016,427.399
4/17/2016,428.591
4/18/2016,435.509
4/19/2016,441.389
4/20/2016,449.425
4/21/2016,445.737
4/22/2016,450.282
4/23/2016,458.555
4/24/2016,461.426
4/25/2016,466.089
4/26/2016,444.687
4/27/2016,449.011
4/28/2016,455.097
4/29/2016,448.318
4/30/2016,451.875
5/1/2016,444.669
5/2/2016,450.304
5/3/2016,446.722
5/4/2016,447.976
5/5/2016,459.603
5/6/2016,458.536
5/7/2016,458.548
5/8/2016,460.483
5/9/2016,450.895
5/10/2016,452.728
5/11/2016,454.766
5/12/2016,455.67
5/13/2016,455.671
5/14/2016,457.568
5/15/2016,454.163
5/16/2016,453.783
5/17/2016,454.619
5/18/2016,438.715
5/19/2016,442.676
5/20/2016,443.188
5/21/2016,439.323
5/22/2016,444.155
5/23/2016,445.981
5/24/2016,449.599
5/25/2016,453.384
5/26/2016,473.464
5/27/2016,530.04
5/28/2016,526.233
5/29/2016,533.864
5/30/2016,531.386
5/31/2016,536.92
6/1/2016,537.972
6/2/2016,569.194
6/3/2016,572.727
6/4/2016,574.977
6/5/2016,585.537
6/6/2016,576.597
6/7/2016,581.645
6/8/2016,574.63
6/9/2016,577.47
6/10/2016,606.727
6/11/2016,672.784
6/12/2016,704.376
6/13/2016,685.559
6/14/2016,694.469
6/15/2016,766.308
6/16/2016,748.909
6/17/2016,756.227
6/18/2016,763.781
6/19/2016,737.226
6/20/2016,666.652
6/21/2016,596.116
6/22/2016,623.977
6/23/2016,665.299
6/24/2016,665.123
6/25/2016,629.367
6/26/2016,655.275
6/27/2016,647.001
6/28/2016,639.89
6/29/2016,673.337
6/30/2016,676.296
7/1/2016,703.702
7/2/2016,658.664
7/3/2016,683.662
7/4/2016,670.627
7/5/2016,677.331
7/6/2016,640.562
7/7/2016,666.523
7/8/2016,650.96
7/9/2016,649.36
7/10/2016,647.659
7/11/2016,664.551
7/12/2016,654.468
7/13/2016,658.078
7/14/2016,663.255
7/15/2016,660.767
7/16/2016,679.459
7/17/2016,673.106
7/18/2016,672.864
7/19/2016,665.685
7/20/2016,665.012
7/21/2016,650.619
7/22/2016,655.556
7/23/2016,661.285
7/24/2016,654.097
7/25/2016,651.784
7/26/2016,654.352
7/27/2016,655.035
7/28/2016,656.992
7/29/2016,655.047
7/30/2016,624.681
7/31/2016,606.272
8/1/2016,547.465
8/2/2016,566.355
8/3/2016,578.289
8/4/2016,575.043
8/5/2016,587.778
8/6/2016,592.69
8/7/2016,591.054
8/8/2016,587.801
8/9/2016,592.103
8/10/2016,589.12
8/11/2016,587.559
8/12/2016,585.588
8/13/2016,570.473
8/14/2016,567.24
8/15/2016,577.439
8/16/2016,573.216
8/17/2016,574.318
8/18/2016,575.63
8/19/2016,581.697
8/20/2016,581.308
8/21/2016,586.753
8/22/2016,583.415
8/23/2016,580.182
8/24/2016,577.761
8/25/2016,579.651
8/26/2016,569.947
8/27/2016,573.912
8/28/2016,574.107
8/29/2016,577.503
8/30/2016,575.472
8/31/2016,572.303
9/1/2016,575.537
9/2/2016,598.212
9/3/2016,608.634
9/4/2016,606.59
9/5/2016,610.436
9/6/2016,614.544
9/7/2016,626.316
9/8/2016,622.861
9/9/2016,623.509
9/10/2016,606.719
9/11/2016,608.243
9/12/2016,609.241
9/13/2016,610.684
9/14/2016,607.155
9/15/2016,606.973
9/16/2016,605.984
9/17/2016,609.874
9/18/2016,609.227
9/19/2016,608.312
9/20/2016,597.149
9/21/2016,596.298
9/22/2016,602.842
9/23/2016,602.625
9/24/2016,600.826
9/25/2016,608.043
9/26/2016,606.166
9/27/2016,604.728
9/28/2016,605.693
9/29/2016,609.735
9/30/2016,613.983
10/1/2016,610.892
10/2/2016,612.133
10/3/2016,610.204
10/4/2016,612.511
10/5/2016,613.021
10/6/2016,617.121
10/7/2016,619.108
10/8/2016,616.752
10/9/2016,618.994
10/10/2016,641.072
10/11/2016,636.192
10/12/2016,636.786
10/13/2016,640.378
10/14/2016,638.646
10/15/2016,641.631
10/16/2016,639.193
10/17/2016,637.96
10/18/2016,630.52
10/19/2016,630.857
10/20/2016,632.828
10/21/2016,657.294
10/22/2016,657.071
10/23/2016,653.761
10/24/2016,657.588
10/25/2016,678.304
10/26/2016,688.313
10/27/2016,689.651
10/28/2016,714.479
10/29/2016,701.864
10/30/2016,700.972
10/31/2016,729.793
11/1/2016,740.829
11/2/2016,688.7
11/3/2016,703.235
11/4/2016,703.418
11/5/2016,711.522
11/6/2016,703.131
11/7/2016,709.848
11/8/2016,723.273
11/9/2016,715.534
11/10/2016,716.411
11/11/2016,705.054
11/12/2016,702.031
11/13/2016,705.021
11/14/2016,711.619
11/15/2016,744.198
11/16/2016,740.977
11/17/2016,751.585
11/18/2016,751.616
11/19/2016,731.026
11/20/2016,739.248
11/21/2016,751.347
11/22/2016,744.594
11/23/2016,740.289
11/24/2016,741.649
11/25/2016,735.382
11/26/2016,732.035
11/27/2016,735.813
11/28/2016,735.604
11/29/2016,745.691
11/30/2016,756.774
12/1/2016,777.944
12/2/2016,771.155
12/3/2016,773.872
12/4/2016,758.7
12/5/2016,764.224
12/6/2016,768.132
12/7/2016,770.81
12/8/2016,772.794
12/9/2016,774.65
12/10/2016,769.731
12/11/2016,780.087
12/12/2016,780.556
12/13/2016,781.481
12/14/2016,778.088
12/15/2016,784.907
12/16/2016,790.829
12/17/2016,790.53
12/18/2016,792.714
12/19/2016,800.876
12/20/2016,834.281
12/21/2016,864.54
12/22/2016,921.984
12/23/2016,898.822
12/24/2016,896.183
12/25/2016,907.61
12/26/2016,933.198
12/27/2016,975.921
12/28/2016,973.497
12/29/2016,961.238
12/30/2016,963.743
12/31/2016,998.325
1/1/2017,1021.75
1/2/2017,1043.84
1/3/2017,1154.73
1/4/2017,1013.38
1/5/2017,902.201
1/6/2017,908.585
1/7/2017,911.199
1/8/2017,902.828
1/9/2017,907.679
1/10/2017,777.757
1/11/2017,804.834
1/12/2017,823.984
1/13/2017,818.412
1/14/2017,821.798
1/15/2017,831.534
1/16/2017,907.938
1/17/2017,886.618
1/18/2017,899.073
1/19/2017,895.026
1/20/2017,921.789
1/21/2017,924.673
1/22/2017,921.012
1/23/2017,892.687
1/24/2017,901.542
1/25/2017,917.586
1/26/2017,919.75
1/27/2017,921.59
1/28/2017,919.496
1/29/2017,920.382
1/30/2017,970.403
1/31/2017,989.023
2/1/2017,1011.8
2/2/2017,1029.91
2/3/2017,1042.9
2/4/2017,1027.34
2/5/2017,1038.15
2/6/2017,1061.35
2/7/2017,1063.07
2/8/2017,994.383
2/9/2017,988.674
2/10/2017,1004.45
2/11/2017,999.181
2/12/2017,990.642
2/13/2017,1004.55
2/14/2017,1007.48
2/15/2017,1027.44
2/16/2017,1046.21
2/17/2017,1054.42
2/18/2017,1047.87
2/19/2017,1079.98
2/20/2017,1115.3
2/21/2017,1117.44
2/22/2017,1166.72
2/23/2017,1173.68
2/24/2017,1143.84
2/25/2017,1165.2
2/26/2017,1179.97
2/27/2017,1179.97
2/28/2017,1222.5
3/1/2017,1251.01
3/2/2017,1274.99
3/3/2017,1255.15
3/4/2017,1267.12
3/5/2017,1272.83
3/6/2017,1223.54
3/7/2017,1150
3/8/2017,1188.49
3/9/2017,1116.72
3/10/2017,1175.83
3/11/2017,1221.38
3/12/2017,1231.92
3/13/2017,1240
3/14/2017,1249.61
3/15/2017,1187.81
3/16/2017,1100.23
3/17/2017,973.818
3/18/2017,1036.74
3/19/2017,1054.23
3/20/2017,1120.54
3/21/2017,1049.14
3/22/2017,1038.59
3/23/2017,937.52
3/24/2017,972.779
3/25/2017,966.725
3/26/2017,1045.77
3/27/2017,1047.15
3/28/2017,1039.97
3/29/2017,1026.43
3/30/2017,1071.79
3/31/2017,1080.5
4/1/2017,1102.17
4/2/2017,1143.81
4/3/2017,1133.25
4/4/2017,1124.78
4/5/2017,1182.68
4/6/2017,1176.9
4/7/2017,1175.95
4/8/2017,1187.87
4/9/2017,1187.13
4/10/2017,1205.01
4/11/2017,1200.37
4/12/2017,1169.28
4/13/2017,1167.54
4/14/2017,1172.52
4/15/2017,1182.94
4/16/2017,1193.91
4/17/2017,1211.67
4/18/2017,1210.29
4/19/2017,1229.08
4/20/2017,1222.05
4/21/2017,1231.71
4/22/2017,1207.21
4/23/2017,1250.15
4/24/2017,1265.49
4/25/2017,1281.08
4/26/2017,1317.73
4/27/2017,1316.48
4/28/2017,1321.79
4/29/2017,1347.89
4/30/2017,1421.6
5/1/2017,1452.82
5/2/2017,1490.09
5/3/2017,1537.67
5/4/2017,1555.45
5/5/2017,1578.8
5/6/2017,1596.71
5/7/2017,1723.35
5/8/2017,1755.36
5/9/2017,1787.13
5/10/2017,1848.57
5/11/2017,1724.24
5/12/2017,1804.91
5/13/2017,1808.91
5/14/2017,1738.43
5/15/2017,1734.45
5/16/2017,1839.09
5/17/2017,1888.65
5/18/2017,1987.71
5/19/2017,2084.73
5/20/2017,2041.2
5/21/2017,2173.4
5/22/2017,2320.42
5/23/2017,2443.64
5/24/2017,2304.98
5/25/2017,2202.42
5/26/2017,2038.87
5/27/2017,2155.8
5/28/2017,2255.61
5/29/2017,2175.47
5/30/2017,2286.41
5/31/2017,2407.88
6/1/2017,2488.55
6/2/2017,2515.35
6/3/2017,2511.81
6/4/2017,2686.81
6/5/2017,2863.2
6/6/2017,2732.16
6/7/2017,2805.62
6/8/2017,2823.81
6/9/2017,2947.71
6/10/2017,2958.11
6/11/2017,2659.63
6/12/2017,2717.02
6/13/2017,2506.37
6/14/2017,2464.58
6/15/2017,2518.56
6/16/2017,2655.88
6/17/2017,2548.29
6/18/2017,2589.6
6/19/2017,2721.79
6/20/2017,2689.1
6/21/2017,2705.41
6/22/2017,2744.91
6/23/2017,2608.72
6/24/2017,2589.41
6/25/2017,2478.45
6/26/2017,2552.45
6/27/2017,2574.79
6/28/2017,2539.32
6/29/2017,2480.84
6/30/2017,2434.55
7/1/2017,2506.47
7/2/2017,2564.06
7/3/2017,2601.64
7/4/2017,2601.99
7/5/2017,2608.56
7/6/2017,2518.66
7/7/2017,2571.34
7/8/2017,2518.44
7/9/2017,2372.56
7/10/2017,2337.79
7/11/2017,2398.84
7/12/2017,2357.9
7/13/2017,2233.34
7/14/2017,1998.86
7/15/2017,1929.82
7/16/2017,2228.41
7/17/2017,2318.88
7/18/2017,2273.43
7/19/2017,2817.6
7/20/2017,2667.76
7/21/2017,2810.12
7/22/2017,2730.4
7/23/2017,2754.86
7/24/2017,2576.48
7/25/2017,2529.45
7/26/2017,2671.78
7/27/2017,2809.01
7/28/2017,2726.45
7/29/2017,2757.18
7/30/2017,2875.34
7/31/2017,2718.26
8/1/2017,2710.67
8/2/2017,2804.73
8/3/2017,2895.89
8/4/2017,3252.91
8/5/2017,3213.94
8/6/2017,3378.94
8/7/2017,3419.94
8/8/2017,3342.47
8/9/2017,3381.28
8/10/2017,3650.62
8/11/2017,3884.71
8/12/2017,4073.26
8/13/2017,4325.13
8/14/2017,4181.93
8/15/2017,4376.63
8/16/2017,4331.69
8/17/2017,4160.62
8/18/2017,4193.7
8/19/2017,4087.66
8/20/2017,4001.74
8/21/2017,4100.52
8/22/2017,4151.52
8/23/2017,4334.68
8/24/2017,4371.6
8/25/2017,4352.4
8/26/2017,4382.88
8/27/2017,4382.66
8/28/2017,4579.02
8/29/2017,4565.3
8/30/2017,4703.39
8/31/2017,4892.01
9/1/2017,4578.77
9/2/2017,4582.96
9/3/2017,4236.31
9/4/2017,4376.53
9/5/2017,4597.12
9/6/2017,4599.88
9/7/2017,4228.75
9/8/2017,4226.06
9/9/2017,4122.94
9/10/2017,4161.27
9/11/2017,4130.81
9/12/2017,3882.59
9/13/2017,3154.95
9/14/2017,3637.52
9/15/2017,3625.04
9/16/2017,3582.88
9/17/2017,4065.2
9/18/2017,3924.97
9/19/2017,3905.95
9/20/2017,3631.04
9/21/2017,3630.7
9/22/2017,3792.4
9/23/2017,3682.84
9/24/2017,3926.07
9/25/2017,3892.35
9/26/2017,4200.67
9/27/2017,4174.73
9/28/2017,4163.07
9/29/2017,4338.71
9/30/2017,4403.74
10/1/2017,4409.32
10/2/2017,4317.48
10/3/2017,4229.36
10/4/2017,4328.41
10/5/2017,4370.81
10/6/2017,4426.89
10/7/2017,4610.48
10/8/2017,4772.02
10/9/2017,4781.99
10/10/2017,4826.48
10/11/2017,5446.91
10/12/2017,5647.21
10/13/2017,5831.79
10/14/2017,5678.19
10/15/2017,5725.59
10/16/2017,5605.51
10/17/2017,5590.69
10/18/2017,5708.52
10/19/2017,6011.45
10/20/2017,6031.6
10/21/2017,6008.42
10/22/2017,5930.32
10/23/2017,5526.64
10/24/2017,5750.8
10/25/2017,5904.83
10/26/2017,5780.9
10/27/2017,5753.09
10/28/2017,6153.85
10/29/2017,6130.53
10/30/2017,6468.4
10/31/2017,6767.31
11/1/2017,7078.5
11/2/2017,7207.76
11/3/2017,7379.95
11/4/2017,7407.41
11/5/2017,7022.76
11/6/2017,7144.38
11/7/2017,7459.69
11/8/2017,7143.58
11/9/2017,6618.14
11/10/2017,6357.6
11/11/2017,5950.07
11/12/2017,6559.49
11/13/2017,6635.75
11/14/2017,7315.54
11/15/2017,7871.69
11/16/2017,7708.99
11/17/2017,7790.15
11/18/2017,8036.49
11/19/2017,8200.64
11/20/2017,8071.26
11/21/2017,8253.55
11/22/2017,8038.77
11/23/2017,8253.69
11/24/2017,8790.92
11/25/2017,9330.55
11/26/2017,9818.35
11/27/2017,10058.8
11/28/2017,9888.61
11/29/2017,10233.6
11/30/2017,10975.6
12/1/2017,11074.6
12/2/2017,11323.2
12/3/2017,11657.2
12/4/2017,11916.7
12/5/2017,14291.5
12/6/2017,17899.7
12/7/2017,16569.4
12/8/2017,15178.2
12/9/2017,15455.4
12/10/2017,16936.8
12/11/2017,17415.4
12/12/2017,16408.2
12/13/2017,16564
12/14/2017,17706.9
12/15/2017,19497.4
12/16/2017,19140.8
12/17/2017,19114.2
12/18/2017,17776.7
12/19/2017,16624.6
12/20/2017,15802.9
12/21/2017,13831.8
12/22/2017,14699.2
12/23/2017,13925.8
12/24/2017,14026.6
12/25/2017,16099.8
12/26/2017,15838.5
12/27/2017,14606.5
12/28/2017,14656.2
12/29/2017,12952.2
12/30/2017,14156.4
12/31/2017,13657.2
1/1/2018,14982.1
1/2/2018,15201
1/3/2018,15599.2
1/4/2018,17429.5
1/5/2018,17527
1/6/2018,16477.6
1/7/2018,15170.1
1/8/2018,14595.4
1/9/2018,14973.3
1/10/2018,13405.8
1/11/2018,13980.6
1/12/2018,14360.2
1/13/2018,13772
1/14/2018,13819.8
1/15/2018,11490.5
1/16/2018,11188.6
1/17/2018,11474.9
1/18/2018,11607.4
1/19/2018,12899.2
1/20/2018,11600.1
1/21/2018,10931.4
1/22/2018,10868.4
1/23/2018,11359.4
1/24/2018,11259.4
1/25/2018,11171.4
1/26/2018,11440.7
1/27/2018,11786.3
1/28/2018,11296.4
1/29/2018,10106.3
1/30/2018,10221.1
1/31/2018,9170.54
2/1/2018,8830.75
2/2/2018,9174.91
2/3/2018,8277.01
2/4/2018,6955.27
2/5/2018,7754
2/6/2018,7621.3
2/7/2018,8265.59
2/8/2018,8736.98
2/9/2018,8621.9
2/10/2018,8129.97
2/11/2018,8926.57
2/12/2018,8598.31
2/13/2018,9494.63
2/14/2018,10166.4
2/15/2018,10233.9
2/16/2018,11112.7
2/17/2018,10551.8
2/18/2018,11225.3
2/19/2018,11403.7
2/20/2018,10690.4
2/21/2018,10005
2/22/2018,10301.1
2/23/2018,9813.07
2/24/2018,9664.73
2/25/2018,10366.7
2/26/2018,10725.6
2/27/2018,10397.9
2/28/2018,10951
3/1/2018,11086.4
3/2/2018,11489.7
3/3/2018,11512.6
3/4/2018,11573.3
3/5/2018,10779.9
3/6/2018,9965.57
3/7/2018,9395.01
3/8/2018,9337.55
3/9/2018,8866
3/10/2018,9578.63
3/11/2018,9205.12
3/12/2018,9194.85
3/13/2018,8269.81
3/14/2018,8300.86
3/15/2018,8338.35
3/16/2018,7916.88
3/17/2018,8223.68
3/18/2018,8630.65
3/19/2018,8913.47
3/20/2018,8929.28
3/21/2018,8728.47
3/22/2018,8879.62
3/23/2018,8668.12
3/24/2018,8495.78
3/25/2018,8209.4
3/26/2018,7833.04
3/27/2018,7954.48
3/28/2018,7165.7
3/29/2018,6890.52
3/30/2018,6973.53
3/31/2018,6844.23
4/1/2018,7083.8
4/2/2018,7456.11
4/3/2018,6853.84
4/4/2018,6811.47
4/5/2018,6636.32
4/6/2018,6911.09
4/7/2018,7023.52
4/8/2018,6770.73
4/9/2018,6834.76
4/10/2018,6968.32
4/11/2018,7889.25
4/12/2018,7895.96
4/13/2018,7986.24
4/14/2018,8329.11
4/15/2018,8058.67
4/16/2018,7902.09
4/17/2018,8163.42
4/18/2018,8294.31
4/19/2018,8845.83
4/20/2018,8895.58
4/21/2018,8802.46
4/22/2018,8930.88
4/23/2018,9697.5
4/24/2018,8845.74
4/25/2018,9281.51
4/26/2018,8987.05
4/27/2018,9348.48
4/28/2018,9419.08
4/29/2018,9240.55
4/30/2018,9119.01
5/1/2018,9235.92
5/2/2018,9743.86
5/3/2018,9700.76
5/4/2018,9858.15
5/5/2018,9654.8
5/6/2018,9373.01
5/7/2018,9234.82
5/8/2018,9325.18
5/9/2018,9043.94
5/10/2018,8441.49
5/11/2018,8504.89
5/12/2018,8723.94
5/13/2018,8716.79
5/14/2018,8510.38
5/15/2018,8368.83
5/16/2018,8094.32
5/17/2018,8250.97
5/18/2018,8247.18
5/19/2018,8513.25
5/20/2018,8418.99
5/21/2018,8041.78
5/22/2018,7557.82
5/23/2018,7587.34
5/24/2018,7480.14
5/25/2018,7355.88
5/26/2018,7368.22
5/27/2018,7135.99
5/28/2018,7472.59
5/29/2018,7406.52
5/30/2018,7494.17
5/31/2018,7541.45
6/1/2018,7643.45
6/2/2018,7720.25
6/3/2018,7514.47
6/4/2018,7633.76
6/5/2018,7653.98
6/6/2018,7678.24
6/7/2018,7624.92
6/8/2018,7531.98
6/9/2018,6786.02
6/10/2018,6906.92
6/11/2018,6582.36
6/12/2018,6349.9
6/13/2018,6675.35
6/14/2018,6456.58
6/15/2018,6550.16
6/16/2018,6499.27
6/17/2018,6734.82
6/18/2018,6769.94
6/19/2018,6776.55
6/20/2018,6729.74
6/21/2018,6083.69
6/22/2018,6162.48
6/23/2018,6173.23
6/24/2018,6249.18
6/25/2018,6093.67
6/26/2018,6157.13
6/27/2018,5903.44
6/28/2018,6218.3
6/29/2018,6404
6/30/2018,6385.82
7/1/2018,6614.18
7/2/2018,6529.59
7/3/2018,6597.55
7/4/2018,6639.14
7/5/2018,6673.5
7/6/2018,6856.93
7/7/2018,6773.88
7/8/2018,6741.75
7/9/2018,6329.95
7/10/2018,6394.71
7/11/2018,6228.81
7/12/2018,6238.05
7/13/2018,6276.12
7/14/2018,6359.64
7/15/2018,6741.75
7/16/2018,7321.04
7/17/2018,7370.78
7/18/2018,7466.86
7/19/2018,7354.13
7/20/2018,7419.29
7/21/2018,7418.49
7/22/2018,7711.11
7/23/2018,8424.27
7/24/2018,8181.39
7/25/2018,7951.58
7/26/2018,8165.01
7/27/2018,8192.15
7/28/2018,8218.46
7/29/2018,8180.48
7/30/2018,7780.44
7/31/2018,7624.91
8/1/2018,7567.15
8/2/2018,7434.39
8/3/2018,7032.85
8/4/2018,7068.48
8/5/2018,6951.8
8/6/2018,6753.12
8/7/2018,6305.8
8/8/2018,6568.23
8/9/2018,6184.71
8/10/2018,6295.73
8/11/2018,6322.69
8/12/2018,6297.57
8/13/2018,6199.71
8/14/2018,6308.52
8/15/2018,6334.73
8/16/2018,6580.63
8/17/2018,6423.76
8/18/2018,6506.07
8/19/2018,6308.53
8/20/2018,6488.76
8/21/2018,6376.71
8/22/2018,6534.88
8/23/2018,6719.96
8/24/2018,6763.19
8/25/2018,6707.26
8/26/2018,6884.64
8/27/2018,7096.28
8/28/2018,7047.16
8/29/2018,6978.23
8/30/2018,7037.58
8/31/2018,7193.25
9/1/2018,7272.72
9/2/2018,7260.06
9/3/2018,7361.66
9/4/2018,6792.83
9/5/2018,6529.17
9/6/2018,6467.07
9/7/2018,6225.98
9/8/2018,6300.86
9/9/2018,6329.7
9/10/2018,6321.2
9/11/2018,6351.8
9/12/2018,6517.31
9/13/2018,6512.71
9/14/2018,6543.2
9/15/2018,6517.18
9/16/2018,6281.2
9/17/2018,6371.3
9/18/2018,6398.54
9/19/2018,6519.67
9/20/2018,6734.95
9/21/2018,6721.98
9/22/2018,6710.63
9/23/2018,6595.41
9/24/2018,6446.47
9/25/2018,6495
9/26/2018,6676.75
9/27/2018,6644.13
9/28/2018,6601.96
9/29/2018,6625.56
9/30/2018,6589.62
10/1/2018,6556.1
10/2/2018,6502.59
10/3/2018,6576.69
10/4/2018,6622.48
10/5/2018,6588.31
10/6/2018,6602.95
10/7/2018,6652.23
10/8/2018,6642.64
10/9/2018,6585.53
10/10/2018,6256.24
10/11/2018,6274.58
10/12/2018,6285.99
10/13/2018,6290.93
10/14/2018,6596.54
10/15/2018,6596.11
10/16/2018,6544.43
10/17/2018,6476.71
10/18/2018,6465.41
10/19/2018,6489.19
10/20/2018,6482.35
10/21/2018,6487.16
10/22/2018,6475.74
10/23/2018,6495.84
10/24/2018,6476.29
10/25/2018,6474.75
10/26/2018,6480.38
10/27/2018,6486.39
10/28/2018,6332.63
10/29/2018,6334.27
10/30/2018,6317.61
10/31/2018,6377.78
11/1/2018,6388.44
11/2/2018,6361.26
11/3/2018,6376.13
11/4/2018,6419.66
11/5/2018,6461.01
11/6/2018,6530.14
11/7/2018,6453.72
11/8/2018,6385.62
11/9/2018,6409.22
11/10/2018,6411.27
11/11/2018,6371.27
11/12/2018,6359.49
11/13/2018,5738.35
11/14/2018,5648.03
11/15/2018,5575.55
11/16/2018,5554.33
11/17/2018,5623.54
11/18/2018,4871.49
11/19/2018,4451.87
11/20/2018,4602.17
11/21/2018,4365.94
11/22/2018,4347.11
11/23/2018,3880.76
11/24/2018,4009.97
11/25/2018,3779.13
11/26/2018,3820.72
11/27/2018,4257.42
11/28/2018,4278.847
11/29/2018,4017.269
11/30/2018,4214.672
12/1/2018,4139.878
12/2/2018,3894.131
12/3/2018,3956.894
12/4/2018,3753.995
12/5/2018,3521.102
12/6/2018,3419.937
12/7/2018,3476.115
12/8/2018,3614.234
12/9/2018,3502.656
12/10/2018,3424.588
12/11/2018,3486.95
12/12/2018,3313.677
12/13/2018,3242.485
12/14/2018,3236.762
12/15/2018,3252.839
12/16/2018,3545.865
12/17/2018,3696.059
12/18/2018,3745.951
12/19/2018,4134.441
12/20/2018,3896.544
12/21/2018,4014.183
12/22/2018,3998.98
12/23/2018,4078.599
12/24/2018,3815.491
12/25/2018,3857.298
12/26/2018,3654.833
12/27/2018,3923.919
12/28/2018,3820.409
12/29/2018,3865.953
12/30/2018,3742.7
12/31/2018,3843.52
1/1/2019,3943.409
1/2/2019,3836.741
1/3/2019,3857.718
1/4/2019,3845.195
1/5/2019,4076.633
1/6/2019,4025.248
1/7/2019,4030.848
1/8/2019,4035.296
1/9/2019,3678.925
1/10/2019,3687.365
1/11/2019,3661.301
1/12/2019,3552.953
1/13/2019,3706.052
1/14/2019,3630.675
1/15/2019,3655.007
1/16/2019,3678.564
1/17/2019,3657.839
1/18/2019,3728.568
1/19/2019,3601.014
1/20/2019,3576.032
1/21/2019,3604.577
1/22/2019,3585.123
1/23/2019,3600.865
1/24/2019,3599.766
1/25/2019,3602.46
1/26/2019,3583.966
1/27/2019,3470.45
1/28/2019,3448.117
1/29/2019,3486.182
1/30/2019,3457.793
1/31/2019,3487.945
2/1/2019,3521.061
2/2/2019,3464.013
2/3/2019,3459.154
2/4/2019,3466.357
2/5/2019,3413.768
2/6/2019,3399.472
2/7/2019,3666.78
2/8/2019,3671.204
2/9/2019,3690.188
2/10/2019,3648.431
2/11/2019,3653.529
2/12/2019,3632.071
2/13/2019,3616.881
2/14/2019,3620.811
2/15/2019,3629.788
2/16/2019,3673.836
2/17/2019,3915.714
2/18/2019,3947.094
2/19/2019,3999.821
2/20/2019,3954.118
2/21/2019,4005.527
2/22/2019,4142.527
2/23/2019,3810.427
2/24/2019,3882.696
2/25/2019,3854.358
2/26/2019,3851.047
2/27/2019,3854.785
2/28/2019,3859.584
3/1/2019,3864.415
3/2/2019,3847.176
3/3/2019,3761.557
3/4/2019,3896.375
3/5/2019,3903.943
3/6/2019,3911.484
3/7/2019,3901.132
3/8/2019,3963.314
3/9/2019,3951.6
3/10/2019,3905.227
3/11/2019,3909.156
3/12/2019,3906.717
3/13/2019,3924.369
3/14/2019,3960.911
3/15/2019,4048.726
3/16/2019,4025.229
3/17/2019,4032.507
3/18/2019,4071.19
3/19/2019,4087.476
3/20/2019,4029.327
3/21/2019,4023.968
3/22/2019,4035.826
3/23/2019,4022.168
3/24/2019,3963.071
3/25/2019,3985.081
3/26/2019,4087.066
3/27/2019,4069.107
3/28/2019,4098.375
3/29/2019,4106.66
3/30/2019,4105.404
3/31/2019,4158.183
4/1/2019,4879.878
4/2/2019,4973.022
4/3/2019,4922.799
4/4/2019,5036.681
4/5/2019,5059.817
4/6/2019,5198.897
4/7/2019,5289.771
4/8/2019,5204.958
4/9/2019,5324.552
4/10/2019,5064.488
4/11/2019,5089.539
4/12/2019,5096.586
4/13/2019,5167.722
4/14/2019,5067.108
4/15/2019,5235.56
4/16/2019,5251.938
4/17/2019,5298.386
4/18/2019,5303.813
4/19/2019,5337.886
4/20/2019,5314.531
4/21/2019,5399.365
4/22/2019,5572.362
4/23/2019,5464.867
4/24/2019,5210.516
4/25/2019,5279.348
4/26/2019,5268.291
4/27/2019,5285.139
4/28/2019,5247.353
4/29/2019,5350.727
4/30/2019,5402.697
5/1/2019,5505.284
5/2/2019,5768.29
5/3/2019,5831.167
5/4/2019,5795.708
5/5/2019,5746.807
5/6/2019,5829.501
5/7/2019,5982.458
5/8/2019,6174.529
5/9/2019,6378.849
5/10/2019,7204.771
5/11/2019,6972.372
5/12/2019,7814.915
5/13/2019,7994.416
5/14/2019,8205.168
5/15/2019,7884.909
5/16/2019,7343.896
5/17/2019,7271.208
5/18/2019,8197.689
5/19/2019,7978.309
5/20/2019,7963.328
5/21/2019,7680.066
5/22/2019,7881.847
5/23/2019,7987.372
5/24/2019,8052.544
5/25/2019,8673.216
5/26/2019,8805.778
5/27/2019,8719.962
5/28/2019,8659.487
5/29/2019,8319.473
5/30/2019,8574.502
5/31/2019,8564.017
6/1/2019,8742.958
6/2/2019,8208.995
6/3/2019,7707.771
6/4/2019,7824.231
6/5/2019,7822.023
6/6/2019,8043.951
6/7/2019,7954.128
6/8/2019,7688.077
6/9/2019,8000.33
6/10/2019,7927.714
6/11/2019,8145.857
6/12/2019,8230.924
6/13/2019,8693.833
6/14/2019,8838.375
6/15/2019,8994.488
6/16/2019,9320.353
6/17/2019,9081.763
6/18/2019,9273.521
6/19/2019,9527.16
6/20/2019,10144.557
6/21/2019,10701.691
6/22/2019,10855.371
6/23/2019,11011.103
6/24/2019,11790.917
6/25/2019,13016.231
6/26/2019,11182.807
6/27/2019,12407.332
6/28/2019,11959.371
6/29/2019,10817.155
6/30/2019,10583.135
7/1/2019,10801.678
7/2/2019,11961.27
7/3/2019,11215.438
7/4/2019,10978.46
7/5/2019,11208.551
7/6/2019,11450.847
7/7/2019,12285.958
7/8/2019,12573.813
7/9/2019,12156.513
7/10/2019,11358.662
7/11/2019,11815.986
7/12/2019,11392.379
7/13/2019,10256.059
7/14/2019,10895.09
7/15/2019,9477.642
7/16/2019,9693.803
7/17/2019,10666.482
7/18/2019,10530.732
7/19/2019,10767.14
7/20/2019,10599.105
7/21/2019,10343.106
7/22/2019,9900.768
7/23/2019,9811.926
7/24/2019,9911.842
7/25/2019,9870.304
7/26/2019,9477.678
7/27/2019,9552.86
7/28/2019,9519.146
7/29/2019,9607.424
7/30/2019,10085.628
7/31/2019,10399.669
8/1/2019,10518.175
8/2/2019,10821.727
8/3/2019,10970.185
8/4/2019,11805.653
8/5/2019,11478.169
8/6/2019,11941.969
8/7/2019,11966.407
8/8/2019,11862.937
8/9/2019,11354.024
8/10/2019,11523.579
8/11/2019,11382.616
8/12/2019,10895.83
8/13/2019,10051.704
8/14/2019,10311.546
8/15/2019,10374.339
8/16/2019,10231.744
8/17/2019,10345.811
8/18/2019,10916.054
8/19/2019,10763.232
8/20/2019,10138.05
8/21/2019,10131.056
8/22/2019,10407.965
8/23/2019,10159.961
8/24/2019,10138.518
8/25/2019,10370.82
8/26/2019,10185.5
8/27/2019,9754.423
8/28/2019,9510.2
8/29/2019,9598.174
8/30/2019,9630.664
8/31/2019,9757.971
9/1/2019,10346.761
9/2/2019,10623.54
9/3/2019,10594.493
9/4/2019,10575.533
9/5/2019,10353.303
9/6/2019,10517.255
9/7/2019,10441.276
9/8/2019,10334.975
9/9/2019,10115.976
9/10/2019,10178.372
9/11/2019,10410.127
9/12/2019,10360.547
9/13/2019,10358.049
9/14/2019,10347.713
9/15/2019,10276.794
9/16/2019,10241.272
9/17/2019,10198.248
9/18/2019,10266.415
9/19/2019,10181.642
9/20/2019,10019.717
9/21/2019,10070.393
9/22/2019,9729.324
9/23/2019,8620.566
9/24/2019,8486.993
9/25/2019,8118.968
9/26/2019,8251.846
9/27/2019,8245.915
9/28/2019,8104.186
9/29/2019,8293.868
9/30/2019,8343.276
10/1/2019,8393.042
10/2/2019,8259.992
10/3/2019,8205.939
10/4/2019,8151.5
10/5/2019,7988.156
10/6/2019,8245.623
10/7/2019,8228.783
10/8/2019,8595.74
10/9/2019,8586.474
10/10/2019,8321.757
10/11/2019,8336.556
10/12/2019,8321.006
10/13/2019,8374.687
10/14/2019,8205.369
10/15/2019,8047.527
10/16/2019,8103.911
10/17/2019,7973.208
10/18/2019,7988.561
10/19/2019,8222.078
10/20/2019,8243.721
10/21/2019,8078.203
10/22/2019,7514.672
10/23/2019,7493.489
10/24/2019,8660.7
10/25/2019,9244.973
10/26/2019,9551.715
10/27/2019,9256.148
10/28/2019,9427.688
10/29/2019,9205.727
10/30/2019,9199.585
10/31/2019,9261.104
11/1/2019,9324.718
11/2/2019,9235.354
11/3/2019,9412.612
11/4/2019,9342.527
11/5/2019,9360.88
11/6/2019,9267.562
11/7/2019,8804.881
11/8/2019,8813.582
11/9/2019,9055.526
11/10/2019,8757.788
11/11/2019,8815.662
11/12/2019,8808.263
11/13/2019,8708.095
11/14/2019,8491.992
11/15/2019,8550.761
11/16/2019,8577.976
11/17/2019,8309.286
11/18/2019,8206.146
11/19/2019,8027.268
11/20/2019,7642.75
11/21/2019,7296.578
11/22/2019,7397.797
11/23/2019,7047.917
11/24/2019,7146.134
11/25/2019,7218.371
11/26/2019,7531.664
11/27/2019,7463.106
11/28/2019,7761.244
11/29/2019,7569.63
11/30/2019,7424.292
12/1/2019,7321.988
12/2/2019,7320.146
12/3/2019,7252.035
12/4/2019,7448.308
12/5/2019,7546.997
12/6/2019,7556.238
12/7/2019,7564.345
12/8/2019,7400.899
12/9/2019,7278.12
12/10/2019,7217.427
12/11/2019,7243.134
12/12/2019,7269.685
12/13/2019,7124.674
12/14/2019,7152.302
12/15/2019,6932.48
12/16/2019,6640.515
12/17/2019,7276.803
12/18/2019,7202.844
12/19/2019,7218.816
12/20/2019,7191.159
12/21/2019,7511.589
12/22/2019,7355.628
12/23/2019,7322.532
12/24/2019,7275.156
12/25/2019,7238.967
12/26/2019,7290.088
12/27/2019,7317.99
12/28/2019,7422.653
12/29/2019,7292.995
12/30/2019,7193.599
12/31/2019,7200.174
1/1/2020,6985.47
1/2/2020,7344.884
1/3/2020,7410.657
1/4/2020,7411.317
1/5/2020,7769.219
1/6/2020,8163.692
1/7/2020,8079.863
1/8/2020,7879.071
1/9/2020,8166.554
1/10/2020,8037.538
1/11/2020,8192.494
1/12/2020,8144.194
1/13/2020,8827.765
1/14/2020,8807.011
1/15/2020,8723.786
1/16/2020,8929.038
1/17/2020,8942.809
1/18/2020,8706.245
1/19/2020,8657.643
1/20/2020,8745.895
1/21/2020,8680.876
1/22/2020,8406.516
1/23/2020,8445.435
1/24/2020,8367.848
1/25/2020,8596.83
1/26/2020,8909.819
1/27/2020,9358.59
1/28/2020,9316.63
1/29/2020,9508.993
1/30/2020,9350.529
1/31/2020,9392.875
2/1/2020,9344.365
2/2/2020,9293.521
2/3/2020,9180.963
2/4/2020,9613.424
2/5/2020,9729.802
2/6/2020,9795.943
2/7/2020,9865.119
2/8/2020,10116.674
2/9/2020,9856.611
2/10/2020,10208.236
2/11/2020,10326.055
2/12/2020,10214.38
2/13/2020,10312.116
2/14/2020,9889.425
2/15/2020,9934.434
2/16/2020,9690.143
2/17/2020,10141.996
2/18/2020,9633.387
2/19/2020,9608.476
2/20/2020,9686.441
2/21/2020,9663.182
2/22/2020,9924.516
2/23/2020,9650.175
2/24/2020,9341.705
2/25/2020,8820.522
2/26/2020,8784.494
2/27/2020,8672.455
2/28/2020,8599.509
2/29/2020,8562.454
3/1/2020,8869.67
3/2/2020,8787.786
3/3/2020,8755.246
3/4/2020,9078.763
3/5/2020,9122.546
3/6/2020,8909.954
3/7/2020,8108.116
3/8/2020,7923.645
3/9/2020,7909.729
3/10/2020,7911.43
3/11/2020,4970.788
3/12/2020,5563.707
3/13/2020,5200.366
3/14/2020,5392.315
3/15/2020,5014.48
3/16/2020,5225.629
3/17/2020,5238.438
3/18/2020,6191.193
3/19/2020,6198.778
3/20/2020,6185.066
3/21/2020,5830.255
3/22/2020,6416.315
3/23/2020,6734.804
3/24/2020,6681.063
3/25/2020,6716.44
3/26/2020,6469.798
3/27/2020,6242.194
3/28/2020,5922.043
3/29/2020,6429.842
3/30/2020,6438.645
3/31/2020,6606.776
4/1/2020,6793.625
4/2/2020,6733.387
4/3/2020,6867.527
4/4/2020,6791.129
4/5/2020,7271.781
4/6/2020,7176.415
4/7/2020,7334.099
4/8/2020,7302.089
4/9/2020,6865.493
4/10/2020,6859.083
4/11/2020,6971.092
4/12/2020,6845.038
4/13/2020,6842.428
4/14/2020,6642.11
4/15/2020,7116.804
4/16/2020,7096.185
4/17/2020,7257.665
4/18/2020,7189.425
4/19/2020,6881.958
4/20/2020,6880.323
4/21/2020,7117.208
4/22/2020,7429.725
4/23/2020,7550.901
4/24/2020,7569.936
4/25/2020,7679.867
4/26/2020,7795.601
4/27/2020,7807.059
4/28/2020,8801.038
4/29/2020,8658.554
4/30/2020,8864.767
5/1/2020,8988.597
5/2/2020,8897.469
5/3/2020,8912.654
5/4/2020,9003.07
5/5/2020,9268.762
5/6/2020,9951.519
5/7/2020,9842.666
5/8/2020,9593.896
5/9/2020,8756.431
5/10/2020,8601.796
5/11/2020,8804.478
5/12/2020,9269.987
5/13/2020,9733.722
5/14/2020,9328.197
5/15/2020,9377.014
5/16/2020,9670.739
5/17/2020,9726.575
5/18/2020,9729.038
5/19/2020,9522.981
5/20/2020,9081.762
5/21/2020,9182.577
5/22/2020,9209.287
5/23/2020,8790.368
5/24/2020,8906.935
5/25/2020,8835.053
5/26/2020,9181.018
5/27/2020,9525.751
5/28/2020,9439.124
5/29/2020,9700.414
5/30/2020,9461.059
5/31/2020,10167.269
6/1/2020,9529.804
6/2/2020,9656.718
6/3/2020,9800.637
6/4/2020,9665.533
6/5/2020,9653.68
6/6/2020,9758.853
6/7/2020,9771.489
6/8/2020,9795.7
6/9/2020,9870.095
6/10/2020,9321.781
6/11/2020,9480.844
6/12/2020,9475.277
6/13/2020,9386.788
6/14/2020,9450.702
6/15/2020,9538.024
6/16/2020,9480.255
6/17/2020,9411.841
6/18/2020,9288.019
6/19/2020,9332.341
6/20/2020,9303.63
6/21/2020,9648.718
6/22/2020,9629.658
6/23/2020,9313.61
6/24/2020,9264.813
6/25/2020,9162.918
6/26/2020,9045.391
6/27/2020,9143.582
6/28/2020,9190.854
6/29/2020,9137.993
6/30/2020,9228.325
7/1/2020,9123.41
7/2/2020,9087.304
7/3/2020,9132.488
7/4/2020,9073.942
7/5/2020,9375.475
7/6/2020,9252.277
7/7/2020,9428.333
7/8/2020,9277.968
7/9/2020,9278.808
7/10/2020,9240.347
7/11/2020,9276.5
7/12/2020,9243.614
7/13/2020,9243.214
7/14/2020,9192.837
7/15/2020,9132.228
7/16/2020,9151.393
7/17/2020,9159.04
7/18/2020,9185.817
7/19/2020,9164.231
7/20/2020,9374.888
7/21/2020,9525.363
7/22/2020,9581.072
7/23/2020,9536.893
7/24/2020,9677.113
7/25/2020,9905.167
7/26/2020,10990.873
7/27/2020,10912.823
7/28/2020,11100.468
7/29/2020,11111.214
7/30/2020,11323.467
7/31/2020,11759.593
8/1/2020,11053.614
8/2/2020,11246.349
8/3/2020,11205.893
8/4/2020,11747.022
8/5/2020,11779.773
8/6/2020,11601.473
8/7/2020,11754.046
8/8/2020,11675.739
8/9/2020,11878.111
8/10/2020,11410.525
8/11/2020,11584.935
8/12/2020,11784.138
8/13/2020,11768.871
8/14/2020,11865.698
8/15/2020,11892.804
8/16/2020,12254.402
8/17/2020,11991.233
8/18/2020,11758.283
8/19/2020,11878.372
8/20/2020,11592.489
8/21/2020,11681.825
8/22/2020,11664.848
8/23/2020,11774.596
8/24/2020,11366.135
8/25/2020,11488.363
8/26/2020,11323.397
8/27/2020,11542.5
8/28/2020,11506.865
8/29/2020,11711.506
8/30/2020,11680.82
8/31/2020,11970.479
9/1/2020,11414.034
9/2/2020,10245.297
9/3/2020,10511.813
9/4/2020,10169.567
9/5/2020,10280.352
9/6/2020,10369.563
9/7/2020,10131.517
9/8/2020,10242.348
9/9/2020,10363.139
9/10/2020,10400.915
9/11/2020,10442.171
9/12/2020,10323.756
9/13/2020,10680.838
9/14/2020,10796.951
9/15/2020,10974.905
9/16/2020,10948.99
9/17/2020,10944.586
9/18/2020,11094.347
9/19/2020,10938.271
9/20/2020,10462.26
9/21/2020,10538.46
9/22/2020,10246.187
9/23/2020,10760.066
9/24/2020,10692.717
9/25/2020,10750.724
9/26/2020,10775.27
9/27/2020,10709.652
9/28/2020,10844.641
9/29/2020,10784.491
9/30/2020,10619.452
10/1/2020,10575.975
10/2/2020,10549.329
10/3/2020,10669.583
10/4/2020,10793.34
10/5/2020,10604.406
10/6/2020,10668.969
10/7/2020,10915.686
10/8/2020,11064.458
10/9/2020,11296.361
10/10/2020,11384.182
10/11/2020,11555.363
10/12/2020,11425.899
10/13/2020,11429.507
10/14/2020,11495.35
10/15/2020,11322.123
10/16/2020,11358.102
10/17/2020,11483.359
10/18/2020,11742.037
10/19/2020,11916.335
10/20/2020,12823.689
10/21/2020,12965.892
10/22/2020,12931.539
10/23/2020,13108.063
10/24/2020,13031.174
10/25/2020,13075.248
10/26/2020,13654.219
10/27/2020,13271.285
10/28/2020,13437.883
10/29/2020,13546.522
10/30/2020,13780.995
10/31/2020,13737.109
11/1/2020,13550.489
11/2/2020,13950.301
11/3/2020,14133.707
11/4/2020,15579.849
11/5/2020,15565.881
11/6/2020,14833.754
11/7/2020,15479.567
11/8/2020,15332.315
11/9/2020,15290.902
11/10/2020,15701.34
11/11/2020,16276.344
11/12/2020,16317.809
11/13/2020,16068.139
11/14/2020,15955.588
11/15/2020,16716.111
11/16/2020,17645.406
11/17/2020,17804.006
11/18/2020,17817.09
11/19/2020,18621.314
11/20/2020,18642.232
11/21/2020,18370.002
11/22/2020,18364.121
11/23/2020,19107.465
11/24/2020,18732.121
11/25/2020,17150.623
11/26/2020,17108.402
11/27/2020,17717.414
11/28/2020,18177.484
11/29/2020,19625.836
11/30/2020,18802.998
12/1/2020,19201.092
12/2/2020,19445.398
12/3/2020,18699.766
12/4/2020,19154.23
12/5/2020,19345.121
12/6/2020,19191.63
12/7/2020,18321.145
12/8/2020,18553.916
12/9/2020,18264.992
12/10/2020,18058.904
12/11/2020,18803.656
12/12/2020,19142.383
12/13/2020,19246.645
12/14/2020,19417.076
12/15/2020,21310.598
12/16/2020,22805.162
12/17/2020,23137.96
12/18/2020,23869.832
12/19/2020,23477.295
12/20/2020,22803.082
12/21/2020,23783.03
12/22/2020,23241.346
12/23/2020,23735.95
12/24/2020,24664.791
12/25/2020,26437.037
12/26/2020,26272.295
12/27/2020,27084.809
12/28/2020,27362.438
12/29/2020,28840.953
12/30/2020,29001.72
12/31/2020,29374.152
1/1/2021,32127.268
1/2/2021,32782.023
1/3/2021,31971.914
1/4/2021,33992.43
1/5/2021,36824.363
1/6/2021,39371.043
1/7/2021,40797.61
1/8/2021,40254.547
1/9/2021,38356.44
1/10/2021,35566.656
1/11/2021,33922.96
1/12/2021,37316.36
1/13/2021,39187.33
1/14/2021,36825.367
1/15/2021,36178.14
1/16/2021,35791.277
1/17/2021,36630.074
1/18/2021,36069.805
1/19/2021,35547.75
1/20/2021,30825.7
1/21/2021,33005.76
1/22/2021,32067.643
1/23/2021,32289.379
1/24/2021,32366.393
1/25/2021,32569.85
1/26/2021,30432.547
1/27/2021,33466.098
1/28/2021,34316.387
1/29/2021,34269.523
1/30/2021,33114.36
1/31/2021,33537.176
2/1/2021,35510.29
2/2/2021,37472.09
2/3/2021,36926.066
2/4/2021,38144.31
2/5/2021,39266.01
2/6/2021,38903.44
2/7/2021,46196.465
2/8/2021,46481.105
2/9/2021,44918.184
2/10/2021,47909.332
2/11/2021,47504.85
2/12/2021,47105.516
2/13/2021,48717.29
2/14/2021,47945.06
2/15/2021,49199.87
2/16/2021,52149.008
2/17/2021,51679.797
2/18/2021,55888.133
2/19/2021,56099.52
2/20/2021,57539.945
2/21/2021,54207.32
2/22/2021,48824.426
2/23/2021,49705.332
2/24/2021,47093.85
2/25/2021,46339.76
2/26/2021,46188.453
2/27/2021,45137.77
2/28/2021,49631.242
3/1/2021,48378.99
3/2/2021,50538.242
3/3/2021,48561.168
3/4/2021,48927.305
3/5/2021,48912.383
3/6/2021,51206.69
3/7/2021,52246.523
3/8/2021,54824.117
3/9/2021,56008.55
3/10/2021,57805.12
3/11/2021,57332.09
3/12/2021,61243.086
3/13/2021,59302.316
3/14/2021,55907.2
3/15/2021,56804.902
3/16/2021,58870.895
3/17/2021,57858.92
3/18/2021,58346.652
3/19/2021,58313.645
3/20/2021,57523.42
3/21/2021,54529.145
3/22/2021,54738.945
3/23/2021,52774.266
3/24/2021,51704.16
3/25/2021,55137.312
3/26/2021,55973.51
3/27/2021,55950.746
3/28/2021,57750.2
3/29/2021,58917.69
3/30/2021,58918.832
3/31/2021,59095.81
4/1/2021,59384.312
4/2/2021,57603.89
4/3/2021,58758.555
4/4/2021,59057.88
4/5/2021,58192.36
4/6/2021,56048.938
4/7/2021,58323.953
4/8/2021,58245.004
4/9/2021,59793.234
4/10/2021,60204.965
4/11/2021,59893.453
4/12/2021,63503.457
4/13/2021,63109.695
4/14/2021,63314.01
4/15/2021,61572.79
4/16/2021,60683.82
4/17/2021,56216.184
4/18/2021,55724.266
4/19/2021,56473.03
4/20/2021,53906.09
4/21/2021,51762.273
4/22/2021,51093.652
4/23/2021,50050.867
4/24/2021,49004.254
4/25/2021,54021.754
4/26/2021,55033.117
4/27/2021,54824.703
4/28/2021,53555.11
4/29/2021,57750.176
4/30/2021,57828.05
5/1/2021,56631.08
5/2/2021,57200.293
5/3/2021,53333.54
5/4/2021,57424.008
5/5/2021,56396.516
5/6/2021,57356.402
5/7/2021,58803.777
5/8/2021,58232.316
5/9/2021,55859.797
5/10/2021,56704.574
5/11/2021,49150.535
5/12/2021,49716.19
5/13/2021,49880.535
5/14/2021,46760.188
5/15/2021,46456.06
5/16/2021,43537.51
5/17/2021,42909.402
5/18/2021,37002.44
5/19/2021,40782.74
5/20/2021,37304.69
5/21/2021,37536.633
5/22/2021,34770.582
5/23/2021,38705.98
5/24/2021,38402.223
5/25/2021,39294.2
5/26/2021,38436.97
5/27/2021,35697.605
5/28/2021,34616.066
5/29/2021,35678.13
5/30/2021,37332.855
5/31/2021,36684.926
6/1/2021,37575.18
6/2/2021,39208.766
6/3/2021,36894.406
6/4/2021,35551.957
6/5/2021,35862.38
6/6/2021,33560.707
6/7/2021,33472.633
6/8/2021,37345.12
6/9/2021,36702.598
6/10/2021,37334.4
6/11/2021,35552.516
6/12/2021,39097.86
6/13/2021,40218.477
6/14/2021,40406.27
6/15/2021,38347.062
6/16/2021,38053.504
6/17/2021,35787.246
6/18/2021,35615.87
6/19/2021,35698.297
6/20/2021,31676.693
6/21/2021,32505.66
6/22/2021,33723.027
6/23/2021,34662.438
6/24/2021,31637.78
6/25/2021,32186.277
6/26/2021,34649.645
6/27/2021,34434.336
6/28/2021,35867.777
6/29/2021,35040.836
6/30/2021,33572.117
7/1/2021,33897.047
7/2/2021,34668.547
7/3/2021,35287.78
7/4/2021,33746.004
7/5/2021,34235.195
7/6/2021,33855.33
7/7/2021,32877.37
7/8/2021,33798.01
7/9/2021,33520.52
7/10/2021,34240.188
7/11/2021,33155.848
7/12/2021,32702.025
7/13/2021,32822.348
7/14/2021,31780.73
7/15/2021,31421.54
7/16/2021,31533.068
7/17/2021,31796.81
7/18/2021,30817.832
7/19/2021,29807.348
7/20/2021,32110.693
7/21/2021,32313.105
7/22/2021,33581.55
7/23/2021,34292.445
7/24/2021,35350.188
7/25/2021,37337.535
7/26/2021,39406.94
7/27/2021,39995.906
7/28/2021,40008.42
7/29/2021,42235.547
7/30/2021,41626.195
7/31/2021,39974.895
8/1/2021,39201.945
8/2/2021,38152.98
8/3/2021,39747.504
8/4/2021,40869.555
8/5/2021,42816.5
8/6/2021,44555.8
8/7/2021,43798.117
8/8/2021,46365.402
8/9/2021,45585.03
8/10/2021,45593.637
8/11/2021,44428.29
8/12/2021,47793.32
8/13/2021,47096.945
8/14/2021,47047.004
8/15/2021,46004.484
8/16/2021,44695.36
8/17/2021,44801.188
8/18/2021,46717.58
8/19/2021,49339.176
8/20/2021,48905.492
8/21/2021,49321.652
8/22/2021,49546.15
8/23/2021,47706.117
8/24/2021,48960.79
8/25/2021,46942.22
8/26/2021,49058.668
8/27/2021,48902.402
8/28/2021,48829.832
8/29/2021,47054.984
8/30/2021,47166.688
8/31/2021,48847.027
9/1/2021,49327.723
9/2/2021,50025.375
9/3/2021,49944.625
9/4/2021,51753.41
9/5/2021,52633.535
9/6/2021,46811.13
9/7/2021,46091.39
9/8/2021,46391.42
9/9/2021,44883.91
9/10/2021,45201.457
9/11/2021,46063.27
9/12/2021,44963.074
9/13/2021,47092.492
9/14/2021,48176.348
9/15/2021,47783.36
9/16/2021,47267.52
9/17/2021,48278.363
9/18/2021,47260.22
9/19/2021,42843.8
9/20/2021,40693.676
9/21/2021,43574.508
9/22/2021,44895.098
9/23/2021,42839.75
9/24/2021,42716.594
9/25/2021,43208.54
9/26/2021,42235.73
9/27/2021,41034.543
9/28/2021,41564.363
9/29/2021,43790.895
9/30/2021,48116.94
10/1/2021,47711.49
10/2/2021,48199.953
10/3/2021,49112.902
10/4/2021,51514.812
10/5/2021,55361.45
10/6/2021,53805.984
10/7/2021,53967.848
10/8/2021,54968.223
10/9/2021,54771.58
10/10/2021,57484.79
10/11/2021,56041.06
10/12/2021,57401.098
10/13/2021,57321.523
10/14/2021,61593.95
10/15/2021,60892.18
10/16/2021,61553.617
10/17/2021,62026.08
10/18/2021,64261.992
10/19/2021,65992.836
10/20/2021,62210.17
10/21/2021,60692.266
10/22/2021,61393.617
10/23/2021,60930.836
10/24/2021,63039.824
10/25/2021,60363.793
10/26/2021,58482.387
10/27/2021,60622.137
10/28/2021,62227.965
10/29/2021,61888.832
10/30/2021,61318.957
10/31/2021,61004.406
11/1/2021,63226.402
11/2/2021,62970.047
11/3/2021,61452.23
11/4/2021,61125.676
11/5/2021,61527.48
11/6/2021,63326.99
11/7/2021,67566.83
11/8/2021,66971.83
11/9/2021,64995.23
11/10/2021,64949.96
11/11/2021,64155.94
11/12/2021,64469.527
11/13/2021,65466.84
11/14/2021,63557.87
11/15/2021,60161.246
11/16/2021,60368.01
11/17/2021,56942.137
11/18/2021,58119.58
11/19/2021,59697.195
11/20/2021,58730.477
11/21/2021,56289.29
11/22/2021,57569.074
11/23/2021,56280.426
11/24/2021,57274.68
11/25/2021,53569.766
11/26/2021,54815.08
11/27/2021,57248.457
11/28/2021,57806.566
11/29/2021,57005.426
11/30/2021,57229.83
12/1/2021,56477.816
12/2/2021,53598.246
12/3/2021,49200.703
12/4/2021,49368.848
12/5/2021,50582.625
12/6/2021,50700.086
12/7/2021,50504.797
12/8/2021,47672.12
12/9/2021,47243.305
12/10/2021,49362.508
12/11/2021,50098.336
12/12/2021,46737.48
12/13/2021,46612.633
12/14/2021,48896.723
12/15/2021,47665.426
12/16/2021,46202.145
12/17/2021,46848.777
12/18/2021,46707.016
12/19/2021,46880.277
12/20/2021,48936.613
12/21/2021,48628.51
12/22/2021,50784.54
12/23/2021,50822.195
12/24/2021,50429.86
12/25/2021,50809.516
12/26/2021,50640.418
12/27/2021,47588.855
12/28/2021,46444.71
12/29/2021,47178.125
12/30/2021,46306.445
12/31/2021,47686.812
1/1/2022,47345.22
1/2/2022,46458.117
1/3/2022,45897.574
1/4/2022,43569.004
1/5/2022,43160.93
1/6/2022,41557.902
1/7/2022,41733.94
1/8/2022,41911.6
1/9/2022,41821.26
1/10/2022,42735.855
1/11/2022,43949.1
1/12/2022,42591.57
1/13/2022,43099.7
1/14/2022,43177.4
1/15/2022,43113.88
1/16/2022,42250.55
1/17/2022,42375.633
1/18/2022,41744.33
1/19/2022,40680.418
1/20/2022,36457.316
1/21/2022,35030.25
1/22/2022,36276.805
1/23/2022,36654.33
1/24/2022,36954.004
1/25/2022,36852.12
1/26/2022,37138.234
1/27/2022,37784.332
1/28/2022,38138.18
1/29/2022,37917.6
1/30/2022,38483.125
1/31/2022,38743.273
2/1/2022,36952.984
2/2/2022,37154.6
2/3/2022,41500.875
2/4/2022,41441.164
2/5/2022,42412.434
2/6/2022,43840.285
2/7/2022,44118.445
2/8/2022,44338.797
2/9/2022,43565.113
2/10/2022,42407.938
2/11/2022,42244.47
2/12/2022,42197.516
2/13/2022,42586.918
2/14/2022,44575.203
2/15/2022,43961.86
2/16/2022,40538.01
2/17/2022,40030.977
2/18/2022,40122.156
2/19/2022,38431.38
2/20/2022,37075.28
2/21/2022,38286.027
2/22/2022,37296.57
2/23/2022,38332.61
2/24/2022,39214.22
2/25/2022,39105.15
2/26/2022,37709.785
2/27/2022,43193.234
2/28/2022,44354.637
3/1/2022,43924.117
3/2/2022,42451.79
3/3/2022,39137.605
3/4/2022,39400.586
3/5/2022,38419.984
3/6/2022,38062.04
3/7/2022,38737.27
3/8/2022,41982.926
3/9/2022,39437.46
3/10/2022,38794.973
3/11/2022,38904.01
3/12/2022,37849.664
3/13/2022,39666.754
3/14/2022,39338.785
3/15/2022,41143.93
3/16/2022,40951.38
3/17/2022,41801.156
3/18/2022,42190.652
3/19/2022,41247.824
3/20/2022,41077.996
3/21/2022,42358.81
3/22/2022,42892.957
3/23/2022,43960.934
3/24/2022,44348.73
3/25/2022,44500.83
3/26/2022,46820.492
3/27/2022,47128.004
3/28/2022,47465.73
3/29/2022,47062.664
3/30/2022,45538.676
3/31/2022,46281.645
4/1/2022,45868.95
4/2/2022,46453.566
4/3/2022,46622.676
4/4/2022,45555.992
4/5/2022,43206.74
4/6/2022,43503.848
4/7/2022,42287.664
4/8/2022,42782.137
4/9/2022,42207.67
4/10/2022,39521.902
4/11/2022,40127.184
4/12/2022,41166.73
4/13/2022,39935.516
4/14/2022,40553.465
4/15/2022,40424.484
4/16/2022,39716.953
4/17/2022,40826.215
4/18/2022,41502.75
4/19/2022,41374.38
4/20/2022,40527.363
4/21/2022,39740.32
4/22/2022,39486.73
4/23/2022,39469.293
4/24/2022,40458.31
4/25/2022,38117.46
4/26/2022,39241.12
4/27/2022,39773.83
4/28/2022,38609.824
4/29/2022,37714.875
4/30/2022,38469.094
5/1/2022,38529.33
5/2/2022,37750.453
5/3/2022,39698.37
5/4/2022,36575.14
5/5/2022,36040.92
5/6/2022,35501.953
5/7/2022,34059.266
5/8/2022,30296.953
5/9/2022,31022.906
5/10/2022,28936.355
5/11/2022,29047.752
5/12/2022,29283.104
5/13/2022,30101.266
5/14/2022,31305.113
5/15/2022,29862.918
5/16/2022,30425.857
5/17/2022,28720.271
5/18/2022,30314.334
5/19/2022,29200.74
5/20/2022,29432.227
5/21/2022,30323.723
5/22/2022,29098.91
5/23/2022,29655.586
5/24/2022,29562.361
5/25/2022,29267.225
5/26/2022,28627.574
5/27/2022,28814.9
5/28/2022,29445.957
5/29/2022,31726.39
5/30/2022,31792.31
5/31/2022,29799.08
6/1/2022,30467.488
6/2/2022,29704.39
6/3/2022,29832.914
6/4/2022,29906.662
6/5/2022,31370.672
6/6/2022,31155.479
6/7/2022,30214.355
6/8/2022,30111.998
6/9/2022,29083.805
6/10/2022,28360.81
6/11/2022,26762.648
6/12/2022,22487.389
6/13/2022,22206.793
6/14/2022,22572.84
6/15/2022,20381.65
6/16/2022,20471.482
6/17/2022,19017.643
6/18/2022,20553.271
6/19/2022,20599.537
6/20/2022,20710.598
6/21/2022,19987.03
6/22/2022,21085.877
6/23/2022,21231.656
6/24/2022,21502.338
6/25/2022,21027.295
6/26/2022,20735.479
6/27/2022,20280.635
6/28/2022,20104.023
6/29/2022,19784.727
6/30/2022,19269.367
7/1/2022,19242.256
7/2/2022,19297.076
7/3/2022,20231.262
7/4/2022,20190.115
7/5/2022,20548.246
7/6/2022,21637.588
7/7/2022,21731.117
7/8/2022,21592.207
7/9/2022,20860.45
7/10/2022,19970.557
7/11/2022,19323.914
7/12/2022,20212.074
7/13/2022,20569.92
7/14/2022,20836.328
7/15/2022,21190.316
7/16/2022,20779.344
7/17/2022,22485.69
7/18/2022,23389.434
7/19/2022,23231.732
7/20/2022,23164.629
7/21/2022,22714.979
7/22/2022,22465.479
7/23/2022,22609.164
7/24/2022,21361.701
7/25/2022,21239.754
7/26/2022,22930.549
7/27/2022,23843.887
7/28/2022,23804.633
7/29/2022,23656.207
7/30/2022,23336.896
7/31/2022,23314.2
8/1/2022,22978.117
8/2/2022,22846.508
8/3/2022,22630.957
8/4/2022,23289.314
8/5/2022,22961.28
8/6/2022,23175.89
8/7/2022,23809.486
8/8/2022,23164.318
8/9/2022,23947.643
8/10/2022,23957.53
8/11/2022,24402.818
8/12/2022,24424.068
8/13/2022,24319.334
8/14/2022,24136.973
8/15/2022,23883.291
8/16/2022,23335.998
8/17/2022,23212.738
8/18/2022,20877.553
8/19/2022,21166.06
8/20/2022,21534.121
8/21/2022,21398.908
8/22/2022,21528.088
8/23/2022,21395.02
8/24/2022,21600.904
8/25/2022,20260.02
8/26/2022,20041.738
8/27/2022,19616.814
8/28/2022,20297.994
8/29/2022,19796.809
8/30/2022,20049.764
8/31/2022,20127.14
9/1/2022,19969.771
9/2/2022,19832.088
9/3/2022,19986.713
9/4/2022,19812.371
9/5/2022,18837.668
9/6/2022,19290.324
9/7/2022,19329.834
9/8/2022,21381.152
9/9/2022,21680.54
9/10/2022,21769.256
9/11/2022,22370.45
9/12/2022,20296.707
9/13/2022,20241.09
9/14/2022,19701.21
9/15/2022,19772.584
9/16/2022,20127.576
9/17/2022,19419.506
9/18/2022,19544.129
9/19/2022,18890.79
9/20/2022,18547.4
9/21/2022,19413.55
9/22/2022,19297.639
9/23/2022,18937.012
9/24/2022,18802.098
9/25/2022,19222.672
9/26/2022,19110.547
9/27/2022,19426.72
9/28/2022,19573.05
9/29/2022,19431.79
9/30/2022,19312.096
10/1/2022,19044.107
10/2/2022,19623.58
10/3/2022,20336.844
10/4/2022,20160.717
10/5/2022,19955.443
10/6/2022,19546.85
10/7/2022,19416.568
10/8/2022,19446.426
10/9/2022,19141.484
10/10/2022,19051.418
10/11/2022,19157.445
10/12/2022,19382.904
10/13/2022,19185.656
10/14/2022,19067.635
10/15/2022,19268.094
10/16/2022,19550.758
10/17/2022,19334.416
10/18/2022,19139.535
10/19/2022,19053.74
10/20/2022,19172.469
10/21/2022,19208.19
10/22/2022,19567.008
10/23/2022,19345.572
10/24/2022,20095.857
10/25/2022,20770.441
10/26/2022,20285.836
10/27/2022,20595.352
10/28/2022,20818.477
10/29/2022,20635.604
10/30/2022,20495.773
10/31/2022,20485.273
11/1/2022,20159.504
11/2/2022,20209.988
11/3/2022,21147.23
11/4/2022,21282.691
11/5/2022,20926.486
11/6/2022,20602.816
11/7/2022,18541.271
11/8/2022,15880.78
11/10/2022,17604.383